Country,Unique Users
United States,559
China,107
Germany,102
France,85
United Kingdom,65
India,57
Japan,45
Russia,42
Netherlands,39
Canada,35
Spain,28
New Zealand,28
Poland,28
Ukraine,26
Brazil,25
Australia,23
Italy,22
Sweden,20
Finland,14
Austria,13
Belgium,13
Indonesia,12
Singapore,11
Mexico,11
Romania,10
Czechia,10
Switzerland,10
Greece,9
Turkey,9
Israel,8
Denmark,8
Thailand,8
Argentina,7
Malaysia,7
Hong Kong,7
Hungary,7
Iran,7
Taiwan,6
Estonia,6
Ireland,6
Venezuela,6
Slovenia,6
Moldova,5
Morocco,5
Norway,5
Bulgaria,5
Chile,5
Serbia,5
Croatia,5
South Korea,5
Saudi Arabia,4
Slovakia,4
Colombia,4
Philippines,4
Vietnam,4
Portugal,3
United Arab Emirates,3
South Africa,3
Algeria,3
Guatemala,3
Iraq,3
Kazakhstan,3
Latvia,3
Honduras,2
Lebanon,2
Sudan,2
Myanmar,2
Kenya,2
Syria,2
Cambodia,2
Lithuania,2
Belarus,2
Mozambique,2
Peru,2
Bangladesh,2
Bosnia and Herzegovina,1
Trinidad and Tobago,1
Belize,1
Cook Islands,1
Azerbaijan,1
Tanzania,1
Egypt,1
North Macedonia,1
El Salvador,1
Georgia,1
Ghana,1
Kuwait,1
Rwanda,1
Qatar,1
Luxembourg,1
Montenegro,1
Pakistan,1
Oman,1
Libya,1
