Bot Name,Unique Users
Baiduspider,74
bingbot,32
FeedBurner,28
Digg,18
facebookexternalhit,13
org_bot,12
msnbot,12
AhrefsBot,11
FlipboardProxy,11
Feedbin,10
Google favicon,8
MJ12bot,7
Googlebot,6
Voil,6
Mail.RU,6
Spinn3r,5
Twitterbot,5
360Spider,5
AppEngine-Google,5
Wget,4
special_archiver,4
Embedly,4
fetch/2,4
BingPreview,4
Tiny Tiny RSS,3
HTTP_Request2,3
theoldreader,2
Sogou web,2
Slurp,2
SiteExplorer,2
Ruby,2
Feedly,2
EasouSpider,2
Exabot,2
Ezooms,2
psbot,1
curl,1
binlar,1
slurp,1
YisouSpider,1
reader,1
Yandex,1
ia_archiver,1
libwww,1
nutch,1
changedetection,1
PhantomJS/,1
UniversalFeedParser,1
SimplePie,1
BeetleBot,1
CommaFeed,1
DTS Agent,1
Daumoa/3,1
Feedfetcher,1
FlipboardRSS,1
Genieo,1
Google Desktop,1
Google Web Preview,1
Indy Library,1
LWP::Simple,1
Liferea/,1
Microsoft Office,1
Mojeek,1
Python-urllib,1
Reeder/,1
Robosourcer,1
via ggpht.com GoogleImageProxy,1
